id,name,age,email
45.0,Jessica,28.0,charlie@example.com
393.0,David,46.0,charlie@example.com
721.0,Ian,61.0,alice@example.com
679.0,David,70.0,alice@example.com
563.0,David,39.0,alice@example.com
186.0,David,32.0,alice@example.com
373.0,Frank,69.0,bob@example.com
662.0,Frank,34.0,bob@example.com
297.0,Bob,47.0,bob@example.com
188.0,Hannah,19.0,david@example.com
732.0,Hannah,44.0,charlie@example.com
700.0,Hannah,42.0,alice@example.com
579.0,Bob,44.0,eva@example.com
710.0,Eva,18.0,eva@example.com
6.0,Grace,59.0,bob@example.com
312.0,Charlie,18.0,bob@example.com
409.0,Frank,43.0,charlie@example.com
70.0,Frank,44.0,charlie@example.com
977.0,Charlie,54.0,alice@example.com
650.0,Ian,35.0,eva@example.com
87.0,David,40.0,eva@example.com
959.0,David,21.0,david@example.com
649.0,Charlie,61.0,charlie@example.com
628.0,Eva,67.0,alice@example.com
991.0,Ian,51.0,eva@example.com
507.0,Frank,66.0,charlie@example.com
773.0,Jessica,25.0,eva@example.com
496.0,Ian,63.0,eva@example.com
952.0,Frank,56.0,bob@example.com
269.0,Alice,20.0,alice@example.com
18.0,Frank,38.0,bob@example.com
379.0,Eva,48.0,bob@example.com
726.0,Frank,67.0,charlie@example.com
834.0,Charlie,66.0,charlie@example.com
589.0,Alice,54.0,david@example.com
171.0,Ian,33.0,alice@example.com
642.0,Ian,45.0,eva@example.com
565.0,Frank,48.0,charlie@example.com
866.0,Bob,42.0,charlie@example.com
550.0,Eva,36.0,bob@example.com
51.0,Jessica,27.0,bob@example.com
801.0,Bob,38.0,alice@example.com
466.0,Eva,67.0,alice@example.com
773.0,Bob,38.0,david@example.com
726.0,Jessica,50.0,charlie@example.com
341.0,Charlie,27.0,alice@example.com
598.0,Ian,18.0,alice@example.com
404.0,Alice,70.0,eva@example.com
318.0,Bob,68.0,eva@example.com
820.0,Hannah,53.0,david@example.com
199.0,Alice,44.0,alice@example.com
61.0,Bob,23.0,alice@example.com
680.0,Jessica,40.0,charlie@example.com
22.0,Eva,32.0,charlie@example.com
938.0,Bob,24.0,bob@example.com
19.0,Bob,44.0,david@example.com
845.0,Ian,60.0,alice@example.com
683.0,Eva,19.0,bob@example.com
506.0,Ian,30.0,eva@example.com
930.0,Frank,47.0,alice@example.com
621.0,Frank,35.0,charlie@example.com
12.0,Jessica,44.0,bob@example.com
609.0,Frank,70.0,eva@example.com
170.0,Ian,51.0,bob@example.com
412.0,David,60.0,bob@example.com
631.0,Bob,19.0,david@example.com
562.0,Alice,21.0,eva@example.com
467.0,Bob,45.0,eva@example.com
576.0,Hannah,20.0,alice@example.com
341.0,Alice,39.0,bob@example.com
600.0,Ian,41.0,charlie@example.com
664.0,Frank,37.0,bob@example.com
640.0,Bob,38.0,david@example.com
537.0,Frank,19.0,eva@example.com
357.0,Frank,38.0,eva@example.com
424.0,Grace,53.0,david@example.com
578.0,Alice,55.0,alice@example.com
12.0,Bob,47.0,eva@example.com
177.0,Ian,54.0,bob@example.com
958.0,Bob,44.0,alice@example.com
946.0,Alice,57.0,david@example.com
495.0,Jessica,65.0,bob@example.com
697.0,Grace,31.0,eva@example.com
696.0,Eva,67.0,eva@example.com
521.0,Frank,19.0,eva@example.com
699.0,Jessica,70.0,charlie@example.com
631.0,Eva,62.0,eva@example.com
488.0,Alice,46.0,charlie@example.com
646.0,Jessica,20.0,alice@example.com
227.0,Alice,66.0,eva@example.com
669.0,Hannah,32.0,alice@example.com
797.0,Charlie,69.0,david@example.com
583.0,Alice,41.0,david@example.com
913.0,David,33.0,alice@example.com
613.0,Jessica,65.0,alice@example.com
831.0,Charlie,35.0,bob@example.com
116.0,Ian,47.0,alice@example.com
674.0,Bob,36.0,charlie@example.com
891.0,Jessica,69.0,david@example.com
798.0,Hannah,51.0,david@example.com
786.0,David,33.0,charlie@example.com
794.0,Hannah,38.0,david@example.com
946.0,Eva,41.0,alice@example.com
164.0,Grace,32.0,alice@example.com
546.0,Grace,33.0,alice@example.com
114.0,Hannah,31.0,david@example.com
327.0,David,48.0,david@example.com
462.0,Bob,21.0,bob@example.com
288.0,Bob,51.0,charlie@example.com
85.0,Grace,26.0,bob@example.com
360.0,Bob,41.0,bob@example.com
579.0,Bob,60.0,bob@example.com
56.0,Frank,70.0,eva@example.com
305.0,Charlie,24.0,eva@example.com
85.0,Eva,33.0,david@example.com
908.0,Alice,61.0,bob@example.com
446.0,Alice,42.0,alice@example.com
120.0,Grace,20.0,alice@example.com
31.0,Hannah,62.0,eva@example.com
846.0,Hannah,64.0,eva@example.com
817.0,Charlie,58.0,david@example.com
145.0,Eva,22.0,alice@example.com
547.0,Charlie,55.0,eva@example.com
595.0,Ian,41.0,bob@example.com
128.0,Alice,37.0,alice@example.com
723.0,Eva,39.0,david@example.com
123.0,Eva,55.0,david@example.com
521.0,Ian,20.0,bob@example.com
424.0,Jessica,40.0,bob@example.com
828.0,Eva,28.0,bob@example.com
238.0,Jessica,36.0,bob@example.com
588.0,Frank,56.0,bob@example.com
993.0,Ian,62.0,bob@example.com
617.0,Ian,23.0,eva@example.com
231.0,Jessica,67.0,alice@example.com
499.0,Ian,66.0,alice@example.com
119.0,Jessica,58.0,bob@example.com
8.0,Grace,39.0,alice@example.com
884.0,Hannah,59.0,charlie@example.com
855.0,Alice,70.0,charlie@example.com
687.0,Grace,44.0,eva@example.com
550.0,Bob,43.0,eva@example.com
852.0,David,54.0,alice@example.com
432.0,Eva,31.0,david@example.com
442.0,David,24.0,alice@example.com
92.0,Charlie,39.0,david@example.com
901.0,Charlie,66.0,alice@example.com
239.0,Ian,51.0,alice@example.com
764.0,Charlie,54.0,charlie@example.com
424.0,Frank,47.0,charlie@example.com
536.0,Jessica,70.0,alice@example.com
991.0,Ian,55.0,eva@example.com
399.0,Hannah,55.0,alice@example.com
161.0,Eva,50.0,charlie@example.com
367.0,Grace,22.0,david@example.com
972.0,Frank,25.0,david@example.com
145.0,Jessica,29.0,bob@example.com
449.0,Frank,19.0,bob@example.com
304.0,Eva,40.0,alice@example.com
48.0,Jessica,30.0,david@example.com
725.0,Hannah,37.0,eva@example.com
168.0,Frank,47.0,eva@example.com
445.0,David,64.0,charlie@example.com
666.0,Alice,66.0,eva@example.com
962.0,Hannah,25.0,eva@example.com
342.0,Jessica,26.0,eva@example.com
784.0,Jessica,45.0,charlie@example.com
906.0,Ian,63.0,bob@example.com
338.0,Charlie,64.0,alice@example.com
476.0,Jessica,43.0,eva@example.com
647.0,Bob,54.0,bob@example.com
526.0,Eva,46.0,alice@example.com
418.0,Charlie,63.0,eva@example.com
967.0,Jessica,46.0,alice@example.com
702.0,Ian,30.0,alice@example.com
452.0,Bob,21.0,david@example.com
973.0,Hannah,21.0,eva@example.com
656.0,Ian,28.0,eva@example.com
443.0,David,56.0,bob@example.com
843.0,Bob,21.0,charlie@example.com
733.0,Charlie,37.0,alice@example.com
272.0,Alice,52.0,bob@example.com
98.0,Charlie,33.0,david@example.com
368.0,Charlie,48.0,david@example.com
198.0,Ian,21.0,eva@example.com
937.0,Frank,43.0,bob@example.com
652.0,Charlie,24.0,alice@example.com
553.0,Jessica,59.0,charlie@example.com
347.0,Hannah,27.0,bob@example.com
883.0,David,46.0,alice@example.com
538.0,Ian,54.0,charlie@example.com
930.0,Hannah,55.0,alice@example.com
566.0,Frank,19.0,charlie@example.com
106.0,Alice,66.0,bob@example.com
818.0,Grace,39.0,eva@example.com
416.0,Charlie,24.0,charlie@example.com
128.0,Frank,26.0,eva@example.com
667.0,Frank,51.0,charlie@example.com
504.0,Jessica,41.0,eva@example.com
197.0,Bob,49.0,alice@example.com
921.0,Grace,37.0,alice@example.com
625.0,Bob,58.0,eva@example.com
546.0,Eva,18.0,charlie@example.com
681.0,Alice,52.0,bob@example.com
247.0,Alice,49.0,alice@example.com
880.0,Ian,44.0,alice@example.com
668.0,Hannah,43.0,alice@example.com
919.0,David,38.0,bob@example.com
649.0,Bob,20.0,bob@example.com
108.0,Alice,55.0,charlie@example.com
456.0,Hannah,19.0,david@example.com
291.0,Jessica,25.0,david@example.com
664.0,Eva,28.0,eva@example.com
904.0,Ian,27.0,david@example.com
7.0,Jessica,29.0,eva@example.com
677.0,Eva,46.0,david@example.com
865.0,Bob,18.0,bob@example.com
934.0,Ian,21.0,charlie@example.com
794.0,Grace,36.0,eva@example.com
541.0,Charlie,52.0,bob@example.com
633.0,Bob,41.0,david@example.com
846.0,David,55.0,david@example.com
112.0,Jessica,39.0,bob@example.com
890.0,Bob,56.0,charlie@example.com
523.0,Grace,34.0,alice@example.com
973.0,Frank,40.0,charlie@example.com
427.0,Grace,18.0,alice@example.com
138.0,Alice,69.0,alice@example.com
218.0,Jessica,40.0,bob@example.com
507.0,Ian,48.0,alice@example.com
170.0,Hannah,40.0,charlie@example.com
53.0,Jessica,56.0,charlie@example.com
58.0,Grace,30.0,alice@example.com
360.0,Bob,30.0,charlie@example.com
422.0,Ian,68.0,david@example.com
293.0,Hannah,64.0,eva@example.com
668.0,Grace,63.0,bob@example.com
308.0,Grace,48.0,bob@example.com
62.0,Jessica,70.0,bob@example.com
975.0,Ian,20.0,alice@example.com
757.0,Alice,60.0,bob@example.com
637.0,Ian,53.0,bob@example.com
575.0,David,33.0,alice@example.com
709.0,David,35.0,david@example.com
441.0,Charlie,19.0,alice@example.com
351.0,Alice,63.0,alice@example.com
512.0,Frank,38.0,bob@example.com
76.0,Jessica,54.0,charlie@example.com
548.0,Jessica,39.0,eva@example.com
96.0,Grace,26.0,alice@example.com
697.0,Frank,70.0,eva@example.com
458.0,Hannah,27.0,eva@example.com
692.0,Bob,70.0,charlie@example.com
440.0,Charlie,49.0,eva@example.com
501.0,Grace,60.0,david@example.com
372.0,Alice,42.0,david@example.com
16.0,Hannah,38.0,david@example.com
884.0,Bob,54.0,bob@example.com
876.0,David,20.0,david@example.com
781.0,Hannah,45.0,david@example.com
786.0,Grace,49.0,alice@example.com
759.0,Ian,55.0,eva@example.com
553.0,Eva,61.0,eva@example.com
52.0,Alice,70.0,david@example.com
482.0,Grace,57.0,david@example.com
760.0,David,33.0,eva@example.com
4.0,Frank,29.0,alice@example.com
307.0,Ian,34.0,eva@example.com
506.0,Charlie,34.0,david@example.com
696.0,David,27.0,bob@example.com
244.0,Ian,25.0,alice@example.com
33.0,Jessica,50.0,charlie@example.com
345.0,Hannah,27.0,eva@example.com
599.0,Bob,57.0,alice@example.com
281.0,Bob,54.0,bob@example.com
411.0,Charlie,26.0,charlie@example.com
485.0,Eva,31.0,alice@example.com
963.0,Alice,41.0,charlie@example.com
936.0,Frank,59.0,eva@example.com
43.0,Grace,61.0,alice@example.com
567.0,Grace,45.0,bob@example.com
710.0,Charlie,25.0,bob@example.com
580.0,Ian,22.0,bob@example.com
343.0,Grace,59.0,charlie@example.com
617.0,Frank,19.0,charlie@example.com
636.0,Alice,53.0,eva@example.com
677.0,Frank,22.0,eva@example.com
627.0,Alice,32.0,charlie@example.com
417.0,David,67.0,eva@example.com
942.0,Eva,37.0,david@example.com
698.0,Jessica,67.0,charlie@example.com
383.0,Ian,42.0,bob@example.com
885.0,Alice,65.0,eva@example.com
718.0,Alice,60.0,david@example.com
690.0,Frank,61.0,eva@example.com
322.0,Frank,46.0,charlie@example.com
777.0,Alice,52.0,alice@example.com
852.0,David,62.0,david@example.com
43.0,Eva,65.0,david@example.com
668.0,Hannah,33.0,alice@example.com
165.0,Charlie,63.0,charlie@example.com
584.0,Frank,51.0,eva@example.com
693.0,Jessica,26.0,alice@example.com
903.0,Bob,28.0,charlie@example.com
569.0,Jessica,35.0,alice@example.com
555.0,Ian,31.0,bob@example.com
917.0,David,37.0,charlie@example.com
97.0,Ian,29.0,bob@example.com
892.0,Hannah,48.0,alice@example.com
565.0,Alice,23.0,david@example.com
799.0,Alice,42.0,bob@example.com
418.0,Charlie,59.0,bob@example.com
815.0,David,60.0,charlie@example.com
170.0,Jessica,37.0,eva@example.com
104.0,Jessica,27.0,david@example.com
86.0,Ian,59.0,eva@example.com
698.0,Hannah,68.0,charlie@example.com
395.0,Grace,44.0,alice@example.com
181.0,Ian,22.0,charlie@example.com
640.0,Frank,23.0,alice@example.com
251.0,Hannah,50.0,eva@example.com
99.0,Charlie,37.0,david@example.com
612.0,Alice,66.0,bob@example.com
237.0,Grace,44.0,eva@example.com
679.0,Frank,39.0,eva@example.com
260.0,Ian,33.0,charlie@example.com
955.0,Frank,51.0,alice@example.com
912.0,Eva,36.0,charlie@example.com
268.0,Frank,59.0,david@example.com
752.0,Jessica,65.0,eva@example.com
146.0,Frank,54.0,alice@example.com
577.0,Grace,20.0,eva@example.com
276.0,Bob,28.0,eva@example.com
683.0,Grace,37.0,david@example.com
579.0,Charlie,59.0,eva@example.com
482.0,Bob,63.0,bob@example.com
94.0,Jessica,51.0,bob@example.com
420.0,Grace,38.0,alice@example.com
169.0,Ian,70.0,bob@example.com
122.0,Hannah,22.0,david@example.com
214.0,Hannah,54.0,bob@example.com
770.0,Grace,66.0,alice@example.com
300.0,Grace,46.0,eva@example.com
634.0,Grace,44.0,charlie@example.com
88.0,Alice,54.0,david@example.com
67.0,Grace,59.0,eva@example.com
717.0,Jessica,33.0,bob@example.com
199.0,Eva,70.0,bob@example.com
929.0,Eva,69.0,charlie@example.com
320.0,Charlie,19.0,alice@example.com
913.0,Ian,56.0,bob@example.com
924.0,Grace,69.0,alice@example.com
918.0,Bob,31.0,alice@example.com
565.0,David,66.0,eva@example.com
561.0,Ian,38.0,alice@example.com
332.0,Alice,39.0,bob@example.com
477.0,David,68.0,alice@example.com
812.0,Jessica,69.0,bob@example.com
389.0,Grace,25.0,charlie@example.com
924.0,Jessica,59.0,bob@example.com
688.0,Charlie,24.0,alice@example.com
777.0,Eva,60.0,charlie@example.com
430.0,Ian,25.0,charlie@example.com
233.0,Jessica,64.0,charlie@example.com
286.0,Ian,43.0,charlie@example.com
651.0,Bob,66.0,eva@example.com
509.0,Hannah,62.0,bob@example.com
151.0,Bob,68.0,charlie@example.com
71.0,Alice,65.0,alice@example.com
732.0,Jessica,60.0,eva@example.com
514.0,Grace,33.0,david@example.com
171.0,Frank,45.0,charlie@example.com
79.0,Frank,40.0,charlie@example.com
635.0,Eva,29.0,alice@example.com
206.0,Jessica,42.0,bob@example.com
808.0,Frank,64.0,eva@example.com
878.0,David,35.0,charlie@example.com
865.0,Grace,68.0,alice@example.com
547.0,David,37.0,eva@example.com
661.0,Grace,69.0,eva@example.com
178.0,Frank,63.0,alice@example.com
638.0,Alice,70.0,alice@example.com
968.0,Bob,66.0,alice@example.com
866.0,Eva,52.0,bob@example.com
136.0,Eva,54.0,eva@example.com
486.0,Ian,29.0,david@example.com
305.0,Bob,29.0,charlie@example.com
89.0,Hannah,25.0,alice@example.com
992.0,Alice,60.0,charlie@example.com
226.0,Bob,66.0,david@example.com
130.0,Eva,52.0,david@example.com
343.0,David,22.0,david@example.com
978.0,David,22.0,eva@example.com
715.0,Eva,53.0,alice@example.com
848.0,Grace,53.0,bob@example.com
951.0,Alice,22.0,david@example.com
633.0,Eva,46.0,charlie@example.com
574.0,Charlie,30.0,charlie@example.com
36.0,Eva,24.0,alice@example.com
599.0,Hannah,48.0,bob@example.com
593.0,David,34.0,charlie@example.com
154.0,Hannah,66.0,alice@example.com
550.0,David,50.0,bob@example.com
233.0,Jessica,59.0,eva@example.com
617.0,Eva,23.0,alice@example.com
766.0,Eva,34.0,alice@example.com
593.0,Eva,49.0,alice@example.com
375.0,Jessica,49.0,alice@example.com
323.0,Hannah,69.0,bob@example.com
260.0,Ian,55.0,bob@example.com
133.0,Frank,32.0,alice@example.com
33.0,Alice,25.0,charlie@example.com
698.0,Bob,40.0,eva@example.com
960.0,Alice,56.0,david@example.com
528.0,Grace,48.0,eva@example.com
727.0,Frank,44.0,eva@example.com
916.0,Jessica,44.0,bob@example.com
364.0,Ian,28.0,bob@example.com
353.0,Bob,45.0,david@example.com
536.0,Eva,62.0,eva@example.com
142.0,Grace,42.0,bob@example.com
902.0,Bob,39.0,eva@example.com
701.0,Alice,27.0,charlie@example.com
115.0,Frank,32.0,charlie@example.com
190.0,Bob,57.0,eva@example.com
841.0,Bob,51.0,bob@example.com
829.0,Grace,35.0,alice@example.com
913.0,David,24.0,bob@example.com
480.0,Hannah,56.0,bob@example.com
951.0,Jessica,54.0,david@example.com
390.0,Bob,59.0,alice@example.com
531.0,Bob,58.0,bob@example.com
20.0,Hannah,65.0,charlie@example.com
327.0,David,63.0,bob@example.com
245.0,Ian,63.0,bob@example.com
426.0,Ian,58.0,bob@example.com
649.0,Grace,23.0,eva@example.com
40.0,Charlie,39.0,bob@example.com
415.0,Alice,53.0,bob@example.com
102.0,David,34.0,eva@example.com
578.0,Hannah,67.0,charlie@example.com
505.0,Ian,58.0,david@example.com
986.0,Charlie,67.0,david@example.com
298.0,Bob,26.0,charlie@example.com
566.0,Eva,45.0,david@example.com
424.0,Hannah,47.0,bob@example.com
837.0,Jessica,70.0,charlie@example.com
347.0,David,19.0,eva@example.com
136.0,Hannah,39.0,david@example.com
657.0,Charlie,30.0,eva@example.com
110.0,Eva,49.0,eva@example.com
296.0,Hannah,59.0,charlie@example.com
112.0,Charlie,61.0,bob@example.com
6.0,Hannah,64.0,bob@example.com
927.0,Hannah,68.0,eva@example.com
946.0,Grace,54.0,david@example.com
788.0,Charlie,33.0,alice@example.com
435.0,Hannah,28.0,alice@example.com
855.0,Bob,57.0,charlie@example.com
867.0,Bob,51.0,david@example.com
353.0,Bob,55.0,alice@example.com
347.0,David,30.0,david@example.com
185.0,Eva,59.0,bob@example.com
823.0,Bob,64.0,bob@example.com
683.0,Eva,60.0,alice@example.com
96.0,Alice,27.0,david@example.com
544.0,Bob,49.0,eva@example.com
389.0,Hannah,66.0,alice@example.com
19.0,Hannah,48.0,david@example.com
955.0,Eva,70.0,eva@example.com
247.0,Jessica,27.0,david@example.com
106.0,Charlie,21.0,charlie@example.com
494.0,Grace,44.0,bob@example.com
927.0,Frank,46.0,alice@example.com
445.0,David,47.0,david@example.com
285.0,Hannah,19.0,alice@example.com
887.0,Bob,30.0,alice@example.com
753.0,Frank,33.0,alice@example.com
578.0,Grace,22.0,david@example.com
228.0,Ian,62.0,david@example.com
290.0,Alice,69.0,david@example.com
613.0,Bob,41.0,alice@example.com
751.0,Charlie,61.0,david@example.com
24.0,Eva,68.0,david@example.com
752.0,Hannah,52.0,eva@example.com
972.0,David,50.0,eva@example.com
39.0,Eva,33.0,david@example.com
465.0,Ian,23.0,bob@example.com
610.0,Jessica,22.0,david@example.com
798.0,Frank,32.0,charlie@example.com
622.0,Frank,26.0,bob@example.com
638.0,Jessica,41.0,david@example.com
695.0,Grace,67.0,alice@example.com
912.0,Ian,37.0,eva@example.com
337.0,Charlie,50.0,alice@example.com
365.0,Bob,22.0,alice@example.com
246.0,Ian,28.0,david@example.com
144.0,Bob,43.0,david@example.com
367.0,Bob,68.0,david@example.com
558.0,Frank,34.0,charlie@example.com
878.0,Charlie,61.0,eva@example.com
733.0,Charlie,58.0,bob@example.com
230.0,David,55.0,david@example.com
482.0,Eva,55.0,bob@example.com
554.0,Grace,54.0,david@example.com
802.0,Frank,23.0,david@example.com
656.0,Hannah,29.0,david@example.com
199.0,Grace,31.0,charlie@example.com
141.0,Frank,23.0,alice@example.com
38.0,Charlie,29.0,david@example.com
679.0,Hannah,28.0,bob@example.com
852.0,Ian,18.0,eva@example.com
715.0,Grace,54.0,bob@example.com
767.0,Alice,44.0,alice@example.com
357.0,Eva,26.0,charlie@example.com
957.0,David,25.0,eva@example.com
306.0,Grace,68.0,bob@example.com
830.0,Alice,49.0,charlie@example.com
240.0,Hannah,68.0,eva@example.com
341.0,Ian,58.0,eva@example.com
6.0,David,68.0,eva@example.com
609.0,Eva,37.0,eva@example.com
248.0,Alice,39.0,david@example.com
89.0,Bob,70.0,bob@example.com
232.0,Eva,63.0,bob@example.com
514.0,Alice,63.0,david@example.com
33.0,Jessica,64.0,eva@example.com
834.0,Eva,25.0,alice@example.com
615.0,Bob,41.0,bob@example.com
510.0,Eva,41.0,bob@example.com
4.0,Hannah,19.0,david@example.com
666.0,Eva,39.0,bob@example.com
454.0,Alice,58.0,bob@example.com
845.0,Ian,23.0,bob@example.com
628.0,Charlie,44.0,alice@example.com
935.0,Ian,23.0,david@example.com
401.0,Hannah,36.0,eva@example.com
920.0,Hannah,20.0,bob@example.com
549.0,Eva,44.0,charlie@example.com
940.0,Frank,18.0,bob@example.com
591.0,Ian,28.0,alice@example.com
380.0,Eva,51.0,alice@example.com
869.0,Ian,39.0,alice@example.com
167.0,Frank,42.0,eva@example.com
963.0,Frank,47.0,david@example.com
575.0,Frank,48.0,david@example.com
587.0,Hannah,59.0,david@example.com
238.0,Grace,32.0,alice@example.com
434.0,Ian,60.0,alice@example.com
936.0,Frank,41.0,bob@example.com
102.0,Bob,42.0,eva@example.com
735.0,David,26.0,eva@example.com
355.0,Eva,57.0,david@example.com
335.0,Bob,36.0,alice@example.com
829.0,Charlie,44.0,bob@example.com
371.0,Ian,29.0,alice@example.com
630.0,Hannah,46.0,eva@example.com
231.0,Jessica,30.0,bob@example.com
579.0,Eva,50.0,charlie@example.com
105.0,Eva,62.0,charlie@example.com
577.0,Ian,24.0,alice@example.com
935.0,Ian,38.0,alice@example.com
284.0,Jessica,30.0,alice@example.com
67.0,Bob,43.0,eva@example.com
533.0,Eva,47.0,david@example.com
379.0,Hannah,56.0,charlie@example.com
562.0,David,22.0,eva@example.com
983.0,Grace,48.0,charlie@example.com
676.0,Bob,66.0,eva@example.com
249.0,Charlie,33.0,alice@example.com
593.0,Hannah,61.0,bob@example.com
33.0,Frank,62.0,charlie@example.com
937.0,Charlie,41.0,alice@example.com
945.0,Jessica,42.0,eva@example.com
397.0,Alice,33.0,bob@example.com
438.0,Bob,66.0,bob@example.com
973.0,Grace,34.0,charlie@example.com
369.0,Bob,68.0,david@example.com
767.0,Hannah,40.0,charlie@example.com
671.0,Grace,30.0,bob@example.com
358.0,Hannah,40.0,eva@example.com
207.0,Bob,35.0,bob@example.com
833.0,Eva,26.0,charlie@example.com
784.0,Alice,67.0,bob@example.com
847.0,Hannah,55.0,charlie@example.com
473.0,Jessica,61.0,alice@example.com
347.0,Ian,63.0,bob@example.com
813.0,Bob,37.0,alice@example.com
551.0,David,31.0,charlie@example.com
5.0,Alice,27.0,bob@example.com
696.0,Hannah,23.0,eva@example.com
279.0,Alice,69.0,david@example.com
369.0,Ian,51.0,bob@example.com
103.0,Bob,43.0,alice@example.com
791.0,Eva,58.0,bob@example.com
450.0,Jessica,35.0,charlie@example.com
204.0,Charlie,34.0,alice@example.com
117.0,Grace,37.0,bob@example.com
999.0,Eva,39.0,charlie@example.com
439.0,Charlie,21.0,david@example.com
957.0,Alice,36.0,eva@example.com
479.0,David,51.0,alice@example.com
825.0,Charlie,62.0,eva@example.com
301.0,Jessica,36.0,alice@example.com
39.0,Bob,19.0,alice@example.com
464.0,Frank,64.0,david@example.com
478.0,Grace,21.0,eva@example.com
843.0,Charlie,20.0,charlie@example.com
584.0,Jessica,59.0,bob@example.com
804.0,Bob,33.0,charlie@example.com
53.0,Charlie,43.0,alice@example.com
564.0,David,69.0,alice@example.com
854.0,David,49.0,alice@example.com
39.0,Charlie,56.0,bob@example.com
78.0,David,64.0,david@example.com
93.0,Eva,51.0,charlie@example.com
887.0,Grace,24.0,eva@example.com
637.0,Hannah,64.0,eva@example.com
321.0,Alice,42.0,charlie@example.com
299.0,Ian,56.0,eva@example.com
42.0,Grace,25.0,eva@example.com
492.0,Hannah,35.0,charlie@example.com
909.0,Frank,20.0,bob@example.com
457.0,Alice,37.0,bob@example.com
658.0,Bob,44.0,david@example.com
228.0,Charlie,53.0,alice@example.com
194.0,Alice,67.0,bob@example.com
739.0,Ian,56.0,bob@example.com
374.0,Jessica,49.0,charlie@example.com
942.0,Hannah,19.0,bob@example.com
659.0,Charlie,60.0,charlie@example.com
385.0,Bob,29.0,alice@example.com
397.0,Jessica,56.0,charlie@example.com
254.0,Bob,33.0,alice@example.com
239.0,Jessica,38.0,david@example.com
364.0,Charlie,61.0,david@example.com
643.0,Ian,48.0,charlie@example.com
638.0,Frank,33.0,eva@example.com
754.0,Alice,28.0,alice@example.com
591.0,David,62.0,bob@example.com
473.0,Hannah,47.0,david@example.com
791.0,Grace,43.0,eva@example.com
925.0,Alice,25.0,alice@example.com
692.0,Alice,55.0,bob@example.com
641.0,Alice,33.0,eva@example.com
831.0,Ian,59.0,bob@example.com
271.0,Ian,33.0,david@example.com
144.0,Ian,40.0,david@example.com
182.0,Jessica,52.0,eva@example.com
252.0,Bob,65.0,charlie@example.com
195.0,Ian,24.0,charlie@example.com
515.0,Frank,63.0,bob@example.com
705.0,Bob,55.0,alice@example.com
634.0,Frank,67.0,david@example.com
527.0,Jessica,57.0,charlie@example.com
124.0,Charlie,59.0,bob@example.com
102.0,David,53.0,eva@example.com
744.0,Charlie,50.0,alice@example.com
935.0,Ian,38.0,eva@example.com
301.0,Grace,20.0,alice@example.com
383.0,David,67.0,alice@example.com
708.0,Hannah,64.0,charlie@example.com
237.0,Frank,25.0,eva@example.com
935.0,Grace,69.0,eva@example.com
730.0,David,54.0,bob@example.com
543.0,Jessica,69.0,alice@example.com
805.0,Frank,56.0,charlie@example.com
608.0,Alice,49.0,david@example.com
196.0,Ian,32.0,david@example.com
59.0,Charlie,21.0,bob@example.com
867.0,Frank,58.0,charlie@example.com
269.0,Alice,70.0,bob@example.com
205.0,Eva,42.0,eva@example.com
816.0,Charlie,36.0,bob@example.com
620.0,Charlie,19.0,charlie@example.com
453.0,Jessica,36.0,david@example.com
356.0,Grace,26.0,eva@example.com
685.0,Eva,51.0,alice@example.com
455.0,Eva,70.0,charlie@example.com
889.0,Jessica,30.0,charlie@example.com
599.0,Alice,66.0,eva@example.com
606.0,Bob,68.0,david@example.com
810.0,Eva,23.0,eva@example.com
562.0,Bob,26.0,bob@example.com
328.0,Alice,44.0,alice@example.com
186.0,Bob,40.0,eva@example.com
384.0,Eva,46.0,bob@example.com
935.0,Hannah,54.0,alice@example.com
98.0,Bob,46.0,alice@example.com
356.0,David,67.0,eva@example.com
683.0,Charlie,18.0,charlie@example.com
411.0,Frank,57.0,alice@example.com
817.0,Alice,38.0,alice@example.com
985.0,David,24.0,charlie@example.com
848.0,Ian,26.0,eva@example.com
7.0,Hannah,35.0,eva@example.com
260.0,Alice,46.0,alice@example.com
408.0,Bob,33.0,alice@example.com
119.0,Frank,24.0,bob@example.com
587.0,Eva,69.0,david@example.com
24.0,Ian,52.0,eva@example.com
831.0,Eva,59.0,alice@example.com
458.0,Hannah,59.0,alice@example.com
185.0,Alice,60.0,charlie@example.com
925.0,Charlie,37.0,alice@example.com
740.0,Ian,27.0,charlie@example.com
472.0,Ian,55.0,charlie@example.com
880.0,Frank,42.0,eva@example.com
477.0,Hannah,63.0,alice@example.com
29.0,David,48.0,alice@example.com
155.0,Jessica,19.0,eva@example.com
429.0,Frank,41.0,david@example.com
36.0,Jessica,30.0,bob@example.com
169.0,Alice,26.0,charlie@example.com
669.0,David,31.0,alice@example.com
387.0,Hannah,62.0,eva@example.com
428.0,Ian,34.0,alice@example.com
360.0,Eva,24.0,david@example.com
505.0,Ian,63.0,eva@example.com
611.0,Hannah,39.0,charlie@example.com
194.0,Frank,39.0,eva@example.com
263.0,Hannah,58.0,alice@example.com
385.0,Alice,51.0,eva@example.com
452.0,Alice,23.0,alice@example.com
399.0,David,34.0,alice@example.com
118.0,Eva,46.0,charlie@example.com
645.0,Charlie,44.0,eva@example.com
167.0,Grace,45.0,bob@example.com
769.0,Ian,69.0,bob@example.com
401.0,Ian,67.0,alice@example.com
257.0,Hannah,41.0,alice@example.com
368.0,Charlie,64.0,david@example.com
146.0,Hannah,30.0,david@example.com
514.0,David,51.0,eva@example.com
911.0,David,40.0,charlie@example.com
523.0,Eva,57.0,alice@example.com
237.0,Jessica,24.0,alice@example.com
954.0,Ian,22.0,charlie@example.com
119.0,Grace,51.0,david@example.com
952.0,Frank,21.0,bob@example.com
174.0,Hannah,29.0,alice@example.com
975.0,Eva,46.0,eva@example.com
932.0,Grace,39.0,eva@example.com
13.0,David,50.0,alice@example.com
393.0,David,24.0,charlie@example.com
516.0,Ian,60.0,charlie@example.com
782.0,Frank,21.0,bob@example.com
747.0,David,55.0,bob@example.com
928.0,Hannah,35.0,charlie@example.com
710.0,Jessica,18.0,alice@example.com
4.0,Frank,27.0,charlie@example.com
105.0,Bob,59.0,eva@example.com
675.0,Charlie,58.0,bob@example.com
876.0,Ian,35.0,eva@example.com
765.0,Frank,69.0,david@example.com
171.0,Jessica,68.0,bob@example.com
137.0,David,23.0,david@example.com
24.0,Grace,59.0,bob@example.com
35.0,David,18.0,bob@example.com
711.0,Bob,45.0,david@example.com
460.0,Eva,22.0,alice@example.com
722.0,Jessica,58.0,eva@example.com
327.0,Frank,26.0,alice@example.com
979.0,Eva,24.0,bob@example.com
128.0,Bob,38.0,eva@example.com
704.0,Grace,62.0,bob@example.com
910.0,Ian,63.0,alice@example.com
809.0,Frank,25.0,charlie@example.com
286.0,Hannah,47.0,david@example.com
152.0,Hannah,65.0,alice@example.com
534.0,Eva,30.0,charlie@example.com
727.0,David,63.0,eva@example.com
263.0,Grace,66.0,charlie@example.com
829.0,Alice,29.0,charlie@example.com
987.0,Jessica,50.0,alice@example.com
625.0,David,22.0,alice@example.com
423.0,Frank,18.0,eva@example.com
28.0,Charlie,35.0,eva@example.com
28.0,Bob,48.0,david@example.com
494.0,Alice,64.0,david@example.com
122.0,Charlie,21.0,charlie@example.com
752.0,Alice,20.0,david@example.com
944.0,Ian,70.0,bob@example.com
113.0,Jessica,45.0,bob@example.com
959.0,Grace,51.0,eva@example.com
160.0,Jessica,52.0,alice@example.com
316.0,Frank,63.0,alice@example.com
670.0,David,65.0,charlie@example.com
920.0,David,65.0,eva@example.com
175.0,Bob,48.0,bob@example.com
376.0,Bob,30.0,alice@example.com
853.0,David,21.0,charlie@example.com
386.0,Grace,32.0,charlie@example.com
478.0,Grace,48.0,eva@example.com
327.0,Jessica,47.0,david@example.com
692.0,Jessica,37.0,bob@example.com
904.0,Bob,26.0,alice@example.com
100.0,Frank,56.0,david@example.com
996.0,Jessica,57.0,eva@example.com
116.0,Grace,66.0,david@example.com
98.0,Charlie,19.0,david@example.com
745.0,Jessica,33.0,charlie@example.com
185.0,Grace,57.0,eva@example.com
732.0,Charlie,38.0,eva@example.com
72.0,Bob,58.0,charlie@example.com
303.0,Eva,64.0,alice@example.com
478.0,David,42.0,eva@example.com
253.0,David,34.0,bob@example.com
579.0,Bob,29.0,charlie@example.com
725.0,Jessica,21.0,david@example.com
44.0,Jessica,63.0,charlie@example.com
847.0,Ian,68.0,bob@example.com
457.0,Jessica,42.0,eva@example.com
240.0,Eva,44.0,alice@example.com
506.0,Ian,34.0,alice@example.com
443.0,Charlie,62.0,david@example.com
373.0,Ian,18.0,alice@example.com
802.0,Grace,26.0,eva@example.com
212.0,Grace,43.0,alice@example.com
26.0,Eva,50.0,charlie@example.com
774.0,Jessica,56.0,david@example.com
192.0,Grace,26.0,charlie@example.com
367.0,Ian,41.0,alice@example.com
381.0,Charlie,61.0,bob@example.com
380.0,Charlie,28.0,charlie@example.com
404.0,Charlie,64.0,bob@example.com
667.0,Jessica,37.0,bob@example.com
98.0,Frank,62.0,david@example.com
140.0,Bob,64.0,charlie@example.com
79.0,Jessica,40.0,eva@example.com
111.0,Alice,55.0,bob@example.com
145.0,Frank,65.0,david@example.com
594.0,David,56.0,david@example.com
45.0,Frank,54.0,alice@example.com
64.0,Grace,64.0,bob@example.com
584.0,Alice,58.0,bob@example.com
452.0,Jessica,24.0,bob@example.com
902.0,Bob,25.0,eva@example.com
771.0,Alice,61.0,charlie@example.com
996.0,Charlie,24.0,eva@example.com
316.0,David,63.0,bob@example.com
559.0,Ian,32.0,david@example.com
221.0,Ian,29.0,eva@example.com
243.0,Ian,30.0,eva@example.com
72.0,Jessica,32.0,eva@example.com
97.0,Alice,38.0,david@example.com
720.0,Ian,22.0,charlie@example.com
136.0,Jessica,46.0,charlie@example.com
504.0,Hannah,52.0,alice@example.com
22.0,Bob,40.0,alice@example.com
837.0,Jessica,30.0,bob@example.com
540.0,Eva,42.0,david@example.com
296.0,David,60.0,david@example.com
542.0,Frank,26.0,bob@example.com
978.0,Charlie,34.0,eva@example.com
738.0,Alice,33.0,david@example.com
137.0,Charlie,40.0,bob@example.com
613.0,Frank,53.0,david@example.com
438.0,Alice,53.0,alice@example.com
102.0,Frank,22.0,alice@example.com
440.0,Ian,48.0,david@example.com
854.0,Bob,52.0,alice@example.com
221.0,Grace,39.0,charlie@example.com
99.0,Hannah,47.0,alice@example.com
392.0,David,21.0,eva@example.com
425.0,Alice,24.0,david@example.com
969.0,Ian,28.0,bob@example.com
372.0,Jessica,38.0,alice@example.com
443.0,Eva,30.0,alice@example.com
450.0,Hannah,31.0,eva@example.com
99.0,David,64.0,david@example.com
883.0,David,51.0,eva@example.com
23.0,Charlie,47.0,eva@example.com
200.0,Hannah,42.0,eva@example.com
751.0,Frank,65.0,david@example.com
278.0,Charlie,62.0,eva@example.com
296.0,David,49.0,david@example.com
532.0,Alice,64.0,bob@example.com
562.0,Frank,20.0,bob@example.com
616.0,David,25.0,bob@example.com
966.0,Jessica,39.0,david@example.com
125.0,Grace,56.0,alice@example.com
891.0,Eva,48.0,alice@example.com
567.0,Ian,52.0,david@example.com
218.0,Charlie,24.0,bob@example.com
498.0,Alice,56.0,bob@example.com
496.0,Grace,39.0,david@example.com
223.0,Frank,25.0,alice@example.com
759.0,Jessica,37.0,bob@example.com
389.0,Ian,68.0,david@example.com
402.0,Charlie,31.0,charlie@example.com
767.0,Alice,51.0,david@example.com
779.0,Frank,23.0,charlie@example.com
480.0,Ian,30.0,charlie@example.com
646.0,Frank,20.0,alice@example.com
96.0,Alice,29.0,bob@example.com
555.0,Grace,28.0,david@example.com
268.0,Eva,61.0,bob@example.com
799.0,Charlie,62.0,david@example.com
580.0,Bob,47.0,alice@example.com
884.0,Jessica,50.0,charlie@example.com
613.0,Frank,22.0,eva@example.com
453.0,Charlie,63.0,charlie@example.com
662.0,Ian,48.0,alice@example.com
180.0,Alice,38.0,eva@example.com
807.0,Grace,28.0,charlie@example.com
264.0,Grace,45.0,bob@example.com
570.0,Eva,46.0,eva@example.com
113.0,David,62.0,bob@example.com
283.0,Charlie,48.0,bob@example.com
211.0,Jessica,31.0,charlie@example.com
406.0,Grace,33.0,alice@example.com
396.0,Charlie,22.0,charlie@example.com
449.0,Grace,56.0,alice@example.com
89.0,Jessica,53.0,bob@example.com
315.0,David,32.0,bob@example.com
284.0,Frank,53.0,alice@example.com
231.0,Jessica,58.0,alice@example.com
805.0,Charlie,52.0,bob@example.com
728.0,Frank,41.0,david@example.com
615.0,Ian,25.0,david@example.com
746.0,Grace,43.0,charlie@example.com
362.0,Charlie,30.0,alice@example.com
894.0,Frank,30.0,charlie@example.com
803.0,Grace,62.0,david@example.com
914.0,Ian,56.0,bob@example.com
743.0,David,65.0,bob@example.com
167.0,Grace,64.0,david@example.com
39.0,Eva,56.0,david@example.com
13.0,Alice,47.0,eva@example.com
93.0,Bob,39.0,eva@example.com
22.0,Alice,54.0,eva@example.com
438.0,Hannah,66.0,bob@example.com
116.0,Grace,36.0,bob@example.com
864.0,Charlie,50.0,eva@example.com
103.0,Charlie,43.0,bob@example.com
441.0,Eva,35.0,eva@example.com
994.0,Charlie,53.0,charlie@example.com
426.0,Ian,50.0,david@example.com
420.0,Bob,68.0,bob@example.com
857.0,Grace,41.0,alice@example.com
726.0,Alice,50.0,alice@example.com
261.0,Eva,50.0,eva@example.com
237.0,Frank,23.0,david@example.com
726.0,Bob,23.0,alice@example.com
333.0,Hannah,52.0,david@example.com
384.0,Charlie,40.0,alice@example.com
650.0,Bob,38.0,alice@example.com
103.0,Ian,55.0,alice@example.com
84.0,Eva,56.0,charlie@example.com
785.0,David,19.0,bob@example.com
748.0,Hannah,39.0,david@example.com
794.0,Alice,65.0,alice@example.com
438.0,Grace,68.0,bob@example.com
1000.0,Hannah,23.0,eva@example.com
284.0,Hannah,70.0,david@example.com
689.0,Grace,37.0,bob@example.com
110.0,Hannah,38.0,charlie@example.com
572.0,Eva,70.0,eva@example.com
272.0,Charlie,45.0,bob@example.com
983.0,David,34.0,alice@example.com
704.0,Eva,56.0,bob@example.com
639.0,Grace,63.0,david@example.com
463.0,Grace,22.0,david@example.com
202.0,Ian,66.0,charlie@example.com
163.0,Eva,60.0,eva@example.com
977.0,Frank,34.0,alice@example.com
219.0,Jessica,66.0,eva@example.com
600.0,Ian,24.0,eva@example.com
403.0,Alice,54.0,david@example.com
724.0,Hannah,26.0,bob@example.com
554.0,Ian,18.0,bob@example.com
534.0,Alice,39.0,eva@example.com
413.0,Charlie,67.0,bob@example.com
361.0,Bob,45.0,eva@example.com
740.0,Hannah,50.0,bob@example.com
739.0,Eva,18.0,eva@example.com
83.0,Bob,38.0,david@example.com
179.0,David,39.0,alice@example.com
410.0,Jessica,46.0,alice@example.com
769.0,Frank,70.0,david@example.com
243.0,Frank,60.0,david@example.com
400.0,Frank,25.0,charlie@example.com
963.0,Ian,29.0,david@example.com
694.0,Grace,56.0,alice@example.com
220.0,Hannah,45.0,eva@example.com
644.0,David,36.0,alice@example.com
57.0,Eva,57.0,david@example.com
738.0,Frank,19.0,david@example.com
752.0,Charlie,34.0,charlie@example.com
849.0,Grace,25.0,bob@example.com
133.0,Charlie,41.0,eva@example.com
211.0,Grace,55.0,bob@example.com
866.0,Frank,27.0,david@example.com
37.0,Eva,67.0,david@example.com
698.0,Frank,41.0,david@example.com
980.0,Bob,40.0,charlie@example.com
75.0,Charlie,30.0,bob@example.com
497.0,Ian,62.0,eva@example.com
727.0,Hannah,44.0,eva@example.com
651.0,Bob,66.0,eva@example.com
804.0,Bob,33.0,charlie@example.com
679.0,David,70.0,alice@example.com
807.0,Grace,28.0,charlie@example.com
281.0,Bob,54.0,bob@example.com
261.0,Eva,50.0,eva@example.com
424.0,Jessica,40.0,bob@example.com
598.0,Ian,18.0,alice@example.com
128.0,Frank,26.0,eva@example.com
477.0,Hannah,63.0,alice@example.com
977.0,Charlie,54.0,alice@example.com
754.0,Alice,28.0,alice@example.com
315.0,David,32.0,bob@example.com
59.0,Charlie,21.0,bob@example.com
42.0,Grace,25.0,eva@example.com
635.0,Eva,29.0,alice@example.com
79.0,Frank,40.0,charlie@example.com
386.0,Grace,32.0,charlie@example.com
704.0,Eva,56.0,bob@example.com
728.0,Frank,41.0,david@example.com
455.0,Eva,70.0,charlie@example.com
710.0,Jessica,18.0,alice@example.com
199.0,Alice,44.0,alice@example.com
140.0,Bob,64.0,charlie@example.com
918.0,Bob,31.0,alice@example.com
252.0,Bob,65.0,charlie@example.com
515.0,Frank,63.0,bob@example.com
465.0,Ian,23.0,bob@example.com
272.0,Alice,52.0,bob@example.com
593.0,Eva,49.0,alice@example.com
883.0,David,46.0,alice@example.com
57.0,Eva,57.0,david@example.com
97.0,Alice,38.0,david@example.com
951.0,Alice,22.0,david@example.com
887.0,Grace,24.0,eva@example.com
480.0,Ian,30.0,charlie@example.com
478.0,David,42.0,eva@example.com
831.0,Ian,59.0,bob@example.com
477.0,Hannah,63.0,alice@example.com
239.0,Ian,51.0,alice@example.com
367.0,Bob,68.0,david@example.com
418.0,Charlie,63.0,eva@example.com
866.0,Bob,42.0,charlie@example.com
760.0,David,33.0,eva@example.com
362.0,Charlie,30.0,alice@example.com
356.0,David,67.0,eva@example.com
779.0,Frank,23.0,charlie@example.com
204.0,Charlie,34.0,alice@example.com
5.0,Alice,27.0,bob@example.com
880.0,Ian,44.0,alice@example.com
,,,
,,,
,,,
,,,
,,,
,,,
,,,
,,,
,,,
,,,
,,,
,,,
,,,
,,,
,,,
,,,
,,,
,,,
,,,
,,,
